{"cameraMode":{"drawMode":0,"name":"Shaded","section":"Shading Mode"},"sceneLighting":true,"audioPlay":false,"sceneViewState":{"showFog":true,"showMaterialUpdate":false,"showSkybox":true,"showFlares":true,"showImageEffects":true,"showParticleSystems":true},"in2DMode":false,"pivot":{"x":7.676251411437988,"y":-0.7683887481689453,"z":7.450645446777344},"rotation":{"x":0.25863197445869448,"y":0.14994876086711884,"z":-0.04067717492580414,"w":0.9533993601799011},"size":50.402950286865237,"orthographic":false}