{"cameraMode":{"drawMode":0,"name":"Shaded","section":"Shading Mode"},"sceneLighting":true,"audioPlay":false,"sceneViewState":{"showFog":true,"showMaterialUpdate":false,"showSkybox":true,"showFlares":true,"showImageEffects":true,"showParticleSystems":true},"in2DMode":false,"pivot":{"x":-5.843037128448486,"y":7.206197738647461,"z":1.6816142797470093},"rotation":{"x":0.21169446408748628,"y":0.004393267445266247,"z":-0.0009524553897790611,"w":0.9773255586624146},"size":31.468957901000978,"orthographic":false}