{"cameraMode":{"drawMode":0,"name":"Shaded","section":"Shading Mode"},"sceneLighting":true,"audioPlay":false,"sceneViewState":{"showFog":true,"showMaterialUpdate":false,"showSkybox":true,"showFlares":true,"showImageEffects":true,"showParticleSystems":true},"in2DMode":false,"pivot":{"x":-1.147892951965332,"y":-0.7045772075653076,"z":-0.521183967590332},"rotation":{"x":-0.07699146866798401,"y":-0.9116933345794678,"z":0.20034176111221314,"w":-0.3503580093383789},"size":19.72064971923828,"orthographic":false}